INSERT INTO author(id,firstname,lastname,public_id) VALUES (1000,'Antonio','Concalves','7c11e1bf-1c74-4280-812b-cbc6038b7d21');
INSERT INTO author(id,firstname,lastname,public_id) VALUES (1001,'Roger','Kitain','b7896f56-3168-4d45-aca7-745e2071bca2');
INSERT INTO author(id,firstname,lastname,public_id) VALUES (1002,'Kinman','Chung','0138897a-a867-4f0a-8063-9744a289df15');
INSERT INTO author(id,firstname,lastname,public_id) VALUES (1003,'Lincoln','Baxter','6122e45a-4880-4014-96ef-162f380c06f3');
INSERT INTO author(id,firstname,lastname,public_id) VALUES (1004,'Antoine','Sabot-Durand','d61c3c68-bb34-4ebe-bce0-76240bf64361');
INSERT INTO author(id,firstname,lastname,public_id) VALUES (1005,'Adam','Bien','8c8fd370-a17b-419c-b175-8ca50010ee88');
INSERT INTO author(id,firstname,lastname,public_id) VALUES (1006,'Nigel','Deakin','640db75b-15e8-48d5-8ec7-9992d7ca4e05');
INSERT INTO author(id,firstname,lastname,public_id) VALUES (1007,'Ed','Burns','00ce3ab4-bce3-42f2-b1dd-2eec75b62b30');
INSERT INTO author(id,firstname,lastname,public_id) VALUES (1008,'Arun','Gupta','640db75b-15e8-48d5-8ec7-9992d7ca4e05');
INSERT INTO Book(id, isbn_13, title, rank, small_image_url, medium_image_url, price, nb_of_pages, year_of_publication, description) VALUES ( 997, '9781980399025', 'Understanding Bean Validation', 9, 'https://images-na.ssl-images-amazon.com/images/I/31fHenHChZL._SL160_.jpg', 'https://images-na.ssl-images-amazon.com/images/I/31fHenHChZL.jpg', 9.99, 129, 2018,  'In this fascicle will you will learn Bean Validation and use its different APIs to apply constraints on a bean, validate all sorts of constraints and write your own constraints');
INSERT INTO Book(id, isbn_13, title, rank, small_image_url, medium_image_url, price, nb_of_pages, year_of_publication, description) VALUES ( 998, '9781093918977', 'Understanding JPA', 9, 'https://images-na.ssl-images-amazon.com/images/I/3122s2sjOtL._SL160_.jpg', 'https://images-na.ssl-images-amazon.com/images/I/3122s2sjOtL.jpg', 9.99, 246, 2019,  'In this fascicle, you will learn Java Persistence API, its annotations for mapping entities, as well as the Java Persistence Query Language and entity life cycle');
INSERT INTO Book(id, isbn_13, title, rank, small_image_url, medium_image_url, price, nb_of_pages, year_of_publication, description) VALUES ( 1002, '1931182311', 'Advanced Java EE Development for Rational Application Developer 7.5: Developers'' Guidebook Author: Robert McChesney Nov-2011', 3, 'http://ecx.images-amazon.com/images/I/51pri75YOPL._SL75_.jpg', 'http://ecx.images-amazon.com/images/I/51pri75YOPL._SL160_.jpg', 9.99, 543, 2011,  'Lorem ipsum dolor sit amet, consectetuer adipiscing elit. Aenean commodo ligula eget dolor. Aenean massa. Cum sociis natoque penatibus et magnis dis parturient montes, nascetur ridiculus mus. Donec quam felis, ultricies nec, pellentesque eu, pretium quis, sem. Nulla consequat massa quis enim. Donec pede justo, fringilla vel, aliquet nec, vulputate eget, arcu. In enim justo, rhoncus ut, imperdiet a, venenatis vitae, justo. Nullam dictum felis eu pede mollis pretium. Integer tincidunt. Cras dapibus. Vivamus elementum semper nisi. Aenean vulputate eleifend tellus. Aenean leo ligula, porttitor eu, consequat vitae, eleifend ac, enim. Aliquam lorem ante, dapibus in, viverra quis, feugiat a, tellus. Phasellus viverra nulla ut metus varius laoreet. Quisque rutrum. Aenean imperdiet. Etiam ultricies nisi vel augue. Curabitur ullamcorper ultricies nisi. Nam eget dui. Etiam rhoncus. Maecenas tempus, tellus eget condimentum rhoncus, sem quam semper libero, sit amet adipiscing sem neque sed ipsum. Nam quam nunc, blandit vel, luctus pulvinar, hendrerit id, lorem. Maecenas nec odio et ante tincidunt tempus. Donec vitae sapien ut libero venenatis faucibus. Nullam quis ante. Etiam sit amet orci eget eros faucibus tincidunt. Duis leo. Sed fringilla mauris sit amet nibh. Donec sodales sagittis magna. Sed consequat, leo eget bibendum sodales, augue velit cursus nunc');
INSERT INTO Book(id, isbn_13, title, rank, small_image_url, medium_image_url, price, nb_of_pages, year_of_publication, description) VALUES ( 1001, '1931182310', 'Advanced Java EE Development for Rational Application Developer 7.5: Developers'' Guidebook', 2, 'http://ecx.images-amazon.com/images/I/51bjnhlGbeL._SL75_.jpg', 'http://ecx.images-amazon.com/images/I/51bjnhlGbeL._SL160_.jpg', 79.95, 752, 2011, 'Written by IBM senior field engineers and senior product development experts, this advanced book provides a solid look at the development of a range of core Java EE technologies, as well as an in-depth description of the development facilities provided by IBM Rational Application Developer version 7.5. Since the Java EE developmental platform incorporates a wide range of technologies from disparate and myriad sources, this up-to-date guidebook helps developers triumph over the complexity and depth of knowledge required to build successful architectures. Senior developers, engineers, and architects—especially those who work with Rational Application Developer and those seeking certification at the Sun-certified Java master-tier level or the IBM Rational Application Developer certified professional and certified advanced professional levels—will appreciate this convenient, single reference point.');
INSERT INTO Book(id, isbn_13, title, rank, small_image_url, medium_image_url, price, nb_of_pages, year_of_publication, description) VALUES ( 1003, '1931182312', 'Advanced Java EE Development for Rational Application Developer 7.5: Developers'' Guidebook 2nd , Seco edition by McChesney, Robert, Cole, Kameron, Raszka, Richard (2011) Paperback', 3, 'http://ecx.images-amazon.com/images/I/511pqkJd3UL._SL75_.jpg', 'http://ecx.images-amazon.com/images/I/511pqkJd3UL._SL160_.jpg', 9.99, 987, 2005,  'Lorem ipsum dolor sit amet, consectetuer adipiscing elit. Aenean commodo ligula eget dolor. Aenean massa. Cum sociis natoque penatibus et magnis dis parturient montes, nascetur ridiculus mus. Donec quam felis, ultricies nec, pellentesque eu, pretium quis, sem. Nulla consequat massa quis enim. Donec pede justo, fringilla vel, aliquet nec, vulputate eget, arcu. In enim justo, rhoncus ut, imperdiet a, venenatis vitae, justo. Nullam dictum felis eu pede mollis pretium. Integer tincidunt. Cras dapibus. Vivamus elementum semper nisi. Aenean vulputate eleifend tellus. Aenean leo ligula, porttitor eu, consequat vitae, eleifend ac, enim. Aliquam lorem ante, dapibus in, viverra quis, feugiat a, tellus. Phasellus viverra nulla ut metus varius laoreet. Quisque rutrum. Aenean imperdiet. Etiam ultricies nisi vel augue. Curabitur ullamcorper ultricies nisi. Nam eget dui. Etiam rhoncus. Maecenas tempus, tellus eget condimentum rhoncus, sem quam semper libero, sit amet adipiscing sem neque sed ipsum. Nam quam nunc, blandit vel, luctus pulvinar, hendrerit id, lorem. Maecenas nec odio et ante tincidunt tempus. Donec vitae sapien ut libero venenatis faucibus. Nullam quis ante. Etiam sit amet orci eget eros faucibus tincidunt. Duis leo. Sed fringilla mauris sit amet nibh. Donec sodales sagittis magna. Sed consequat, leo eget bibendum sodales, augue velit cursus nunc');
INSERT INTO Book(id, isbn_13, title, rank, small_image_url, medium_image_url, price, nb_of_pages, year_of_publication, description) VALUES ( 1004, '1514210959', 'Advanced Java EE Development with WildFly', 3, 'http://ecx.images-amazon.com/images/I/51f7V8CEb7L._SL75_.jpg', 'http://ecx.images-amazon.com/images/I/51f7V8CEb7L._SL160_.jpg', 44.99, 416, 2015, 'Your one-stop guide to developing Java® EE applications with the Eclipse IDE, Maven, and WildFly® 8.1 About This Book •Develop Java EE 7 applications using the WildFly platform •Discover how to use EJB 3.x, JSF 2.x, Ajax, JAX-RS, JAX-WS, and Spring with WildFly 8.1 •A practical guide filled with easy-to-understand programming examples to help you gain hands-on experience with Java EE development using WildFly Who This Book Is For This book is for professional WildFly developers. If you are already using JBoss or WildFly but don''t use the Eclipse IDE and Maven for development, this book will show you how the Eclipse IDE and Maven facilitate the development of Java EE applications with WildFly 8.1. This book does not provide a beginner-level introduction to Java EE as it is written as an intermediate/advanced course in Java EE development with WildFly 8.1. In Detail This book starts with an introduction to EJB 3 and how to set up the environment, including the configuration of a MySQL database for use with WildFly. We will then develop object-relational mapping with Hibernate 4, build and package the application with Maven, and then deploy it in WildFly 8.1, followed by a demonstration of the use of Facelets in a web application. Moving on from that, we will create an Ajax application in the Eclipse IDE, compile and package it using Maven, and run the web application on WildFly 8.1 with a MySQL database. In the final leg of this book, we will discuss support for generating and parsing JSON with WildFly 8.1.');
INSERT INTO Book(id, isbn_13, title, rank, small_image_url, medium_image_url, price, nb_of_pages, year_of_publication, description) VALUES ( 1005, '8894038912', 'Advanced Jax-Ws Web Services', 2, 'http://ecx.images-amazon.com/images/I/31lRGN%2BfvDL._SL75_.jpg', 'http://ecx.images-amazon.com/images/I/31lRGN%2BfvDL._SL160_.jpg', 22.90, 154, 2014,  'In this book you''ll learn the concepts of Soap based Web Services architecture and get practical advice on building and deploying Web Services in the enterprise. Starting from the basics and the best practices for setting up a development environment, this book enters into the inner details of the Jax-Ws in a clear and concise way. You will also learn about the major toolkits available for creating, compiling and testing Soap Web Services and how to address common issues such as debugging data and securing its content. What you will learn: Move your first steps with Soap Web Services. Developing Web Services using top-down and bottom-up approach. Using Maven archetypes to speed up Web Services creation. Getting into the details of Jax-Ws types: Java to Xml mapping and Xml to Java Developing Soap Web Services on WildFly 8 and Tomcat. Running native Apache Cxf on WildFly Securing Web Services. Applying authentication policies to your services. Encrypting the communication.');
INSERT INTO Book(id, isbn_13, title, rank, small_image_url, medium_image_url, price, nb_of_pages, year_of_publication, description) VALUES ( 1006, '0071763929', 'Mike Meyers'' Guide to Supporting Windows 7 for CompTIA A+ Certification (Exams 701 & 702) (All-in-One)', 9, 'http://ecx.images-amazon.com/images/I/51Dk-Zq2I7L._SL75_.jpg', 'http://ecx.images-amazon.com/images/I/51Dk-Zq2I7L._SL160_.jpg', 30.00, 240, 2011, 'Mike Meyers'' Guide to Supporting Windows 7 for CompTIA A+ Certification, Exams 220-701 & 220-702 Get the latest information on the new Windows 7 topics and questions added to CompTIA A+ exams 220-701 and 220-702. A must-have companion to CompTIA A+ All-in-One Exam Guide, Seventh Edition andMike Meyers'' CompTIA A+ Guide to Managing and Troubleshooting PCs, Third Edition, this book focuses on the new exam objectives. Mike Meyers'' Guide to Supporting Windows 7 for CompTIA A+ Certification provides learning objectives at the beginning of each chapter, exam tips, practice exam questions, and in-depth explanations. Written by the leading authority on CompTIA A+ certification and training, this essential resource provides the up-to-date coverage you need to pass the exams with ease. Mike Meyers, CompTIA A+, CompTIA Network+, CompTIA Security+, MCP, is the industry''s leading authority on CompTIA A+ certification and the bestselling author of seven editions of CompTIA A+ All-in-One Exam Guide. He is the president of PC and network repair seminars for thousands of organizations throughout the world, and a member of CompTIA.');
INSERT INTO Book(id, isbn_13, title, rank, small_image_url, medium_image_url, price, nb_of_pages, year_of_publication, description) VALUES ( 1007, '1849512442', 'Apache Maven 3 Cookbook (Quick Answers to Common Problems)', 1, 'http://ecx.images-amazon.com/images/I/41uiGX%2BdFRL._SL75_.jpg', 'http://ecx.images-amazon.com/images/I/41uiGX%2BdFRL._SL160_.jpg', 39.99, 224, 2011, 'Take Flash to the next dimension by creating detailed, animated, and interactive 3D worlds with Away3D OverviewCreate stunning 3D environments with highly detailed texturesAnimate and transform all types of 3D objects, including 3D TextEliminate the need for expensive hardware with proven Away3D optimization techniques, without compromising on visual appeal Written in a practical and illustrative style, which will appeal to Away3D beginners and Flash developers alike In DetailAway3D is one of the most popular real-time 3D engines for Flash. Besides creating various detailed 3D environments you can also create animated 3D scenes, use various special effects, integrate third-party libraries, and much more. The possibilities of using this engine are endless. But will you be able take full advantage of all these features and make a 3D application that is picture perfect?. This is the best book for guiding you through Away3D, and the possibilities it opens up for the Flash platform. You''ll be able to create basic 3D objects, display lifelike animated characters, construct complex 3D scenes in stunning detail, and much more with this practical hands-on guide. Starting with the very basics, this book will walk you through creating your first Away3D application, and then move on to describe and demonstrate the many features that are available within Away3D such as lighting, shading, animation, 3D text, model loading and more. With the help of this comprehensive guide to all the information you ever needed to use Away3D, you''ll find yourself creating incredibly detailed 3D environments in no time. You begin with an overview of downloading the Away3D source code and configuring various authoring tools like Flex Builder, Flash Builder, FlashDevelop, and Flash CS4. Next you ease your way through creating your first primitive 3D object from scratch, then move on to creating stunning 3D environments with incredibly detailed textures and animations. You will make applications react to mouse events, with the click of a mouse – literally, learn ways to focus your camera and perfect your creation by viewing it from all angles, and take your Away3D application to the next level by overcoming the limitations in default Away3D algorithms. You will also learn optimization techniques to obtain the best performance from Away3D, without compromising on visual appeal. Create stunning real-world 3D Flash applications, right from displaying your first sphere to creating entire 3D cities, with plenty of tips to help you avoid common pitfalls. What you will learn from this bookDraw primitive shapes such as cubes, cones, spheres, and planes without having to manually construct them from their basic elements Add eye-catching special effects to your Away3D applicationWarp, curve, modify, and bend 3D text to your willFocus the Camera and view 3D objects from all anglesImprove mouse interactivity in your 3D applicationIntegrate third-party libraries such as TweenLite and Stardust with Away3D to animate 3D objects and create particle effects Use sprites and sprite classesUtilize the power of Pixel Bender for image processingExport 3D models from 3D modeling applications such as 3ds Max, Blender, MilkShape, and Sketch-Up Get practical tips on achieving maximum performance in your 3D applications');
INSERT INTO Book(id, isbn_13, title, rank, small_image_url, medium_image_url, price, nb_of_pages, year_of_publication, description) VALUES ( 1008, '2746062399', 'Apache Tomcat 7 - Guide d''administration du serveur Java EE 6 sous Windows et Linux', 3, 'http://ecx.images-amazon.com/images/I/5159Mv-pl3L._SL75_.jpg', 'http://ecx.images-amazon.com/images/I/5159Mv-pl3L._SL160_.jpg', 9.99, 234, 1999,  'Lorem ipsum dolor sit amet, consectetuer adipiscing elit. Aenean commodo ligula eget dolor. Aenean massa. Cum sociis natoque penatibus et magnis dis parturient montes, nascetur ridiculus mus. Donec quam felis, ultricies nec, pellentesque eu, pretium quis, sem. Nulla consequat massa quis enim. Donec pede justo, fringilla vel, aliquet nec, vulputate eget, arcu. In enim justo, rhoncus ut, imperdiet a, venenatis vitae, justo. Nullam dictum felis eu pede mollis pretium. Integer tincidunt. Cras dapibus. Vivamus elementum semper nisi. Aenean vulputate eleifend tellus. Aenean leo ligula, porttitor eu, consequat vitae, eleifend ac, enim. Aliquam lorem ante, dapibus in, viverra quis, feugiat a, tellus. Phasellus viverra nulla ut metus varius laoreet. Quisque rutrum. Aenean imperdiet. Etiam ultricies nisi vel augue. Curabitur ullamcorper ultricies nisi. Nam eget dui. Etiam rhoncus. Maecenas tempus, tellus eget condimentum rhoncus, sem quam semper libero, sit amet adipiscing sem neque sed ipsum. Nam quam nunc, blandit vel, luctus pulvinar, hendrerit id, lorem. Maecenas nec odio et ante tincidunt tempus. Donec vitae sapien ut libero venenatis faucibus. Nullam quis ante. Etiam sit amet orci eget eros faucibus tincidunt. Duis leo. Sed fringilla mauris sit amet nibh. Donec sodales sagittis magna. Sed consequat, leo eget bibendum sodales, augue velit cursus nunc');
INSERT INTO Book(id, isbn_13, title, rank, small_image_url, medium_image_url, price, nb_of_pages, year_of_publication, description) VALUES ( 1009, '2746086336', 'Apache Tomcat 8 - Guide d''administration du serveur Java EE 7 sous Windows et Linux', 3, 'http://ecx.images-amazon.com/images/I/413b2IfJmsL._SL75_.jpg', 'http://ecx.images-amazon.com/images/I/413b2IfJmsL._SL160_.jpg', 9.99, 123, 2009,  'Lorem ipsum dolor sit amet, consectetuer adipiscing elit. Aenean commodo ligula eget dolor. Aenean massa. Cum sociis natoque penatibus et magnis dis parturient montes, nascetur ridiculus mus. Donec quam felis, ultricies nec, pellentesque eu, pretium quis, sem. Nulla consequat massa quis enim. Donec pede justo, fringilla vel, aliquet nec, vulputate eget, arcu. In enim justo, rhoncus ut, imperdiet a, venenatis vitae, justo. Nullam dictum felis eu pede mollis pretium. Integer tincidunt. Cras dapibus. Vivamus elementum semper nisi. Aenean vulputate eleifend tellus. Aenean leo ligula, porttitor eu, consequat vitae, eleifend ac, enim. Aliquam lorem ante, dapibus in, viverra quis, feugiat a, tellus. Phasellus viverra nulla ut metus varius laoreet. Quisque rutrum. Aenean imperdiet. Etiam ultricies nisi vel augue. Curabitur ullamcorper ultricies nisi. Nam eget dui. Etiam rhoncus. Maecenas tempus, tellus eget condimentum rhoncus, sem quam semper libero, sit amet adipiscing sem neque sed ipsum. Nam quam nunc, blandit vel, luctus pulvinar, hendrerit id, lorem. Maecenas nec odio et ante tincidunt tempus. Donec vitae sapien ut libero venenatis faucibus. Nullam quis ante. Etiam sit amet orci eget eros faucibus tincidunt. Duis leo. Sed fringilla mauris sit amet nibh. Donec sodales sagittis magna. Sed consequat, leo eget bibendum sodales, augue velit cursus nunc');
INSERT INTO Book(id, isbn_13, title, rank, small_image_url, medium_image_url, price, nb_of_pages, year_of_publication, description) VALUES ( 1010, '1492201448', 'Apache TomEE Cookbook: Apache TomEE Administrator Cookbook', 1, 'http://ecx.images-amazon.com/images/I/61fIAAa6poL._SL75_.jpg', 'http://ecx.images-amazon.com/images/I/61fIAAa6poL._SL160_.jpg', 35.00, 196, 2013, 'This cookbook is written for learning TomEE internals by server administrators and Java EE developers. Administrators will learn how to configure TomEE for using it in a production environment. Developers will learn how to create web applications using the Java™ Platform, Enterprise Edition 6 (Java EE 6) technologies provided by TomEE runtime and to deploy these enterprise applications into TomEE. Chapters of the book: Chapter 1 : Introduction Chapter 2 : Getting Started Chapter 3 : TomEE Architecture Chapter 4 : TomEE Web Server, Apache Tomcat Chapter 5 : TomEE EJB Lite Server, Apache OpenEJB Chapter 6 : Deployments in TomEE Chapter 7 : JavaEE Technologies Used in TomEE Chapter 8 : TomEE Security Chapter 9 : JNDI Naming In TomEE Chapter 10 : Transactions in TomEE Chapter 11 : TomEE Clustering Features Chapter 12 : TomEE WebSocket Protocol Support Chapter 13 : TomEE GUI Chapter 14 : Testing Techniques in TomEE Chapter 15 : TomEE Embedded Usage Chapter 16 : Useful References Chapter 17 : ASF License');
INSERT INTO Book(id, isbn_13, title, rank, small_image_url, medium_image_url, price, nb_of_pages, year_of_publication, description) VALUES ( 1011, '148885162X', 'Application Server 131 Success Secrets: 131 Most Asked Questions On Application Server - What You Need To Know', 3, 'http://ecx.images-amazon.com/images/I/51s-9pleKyL._SL75_.jpg', 'http://ecx.images-amazon.com/images/I/51s-9pleKyL._SL160_.jpg', 29.95, 60, 2014,  'A fresh Application Server approach. An program server may be whichever a code model that delivers a simplified tactic to generating an application-server effectuation, short of heed to what the program purposes are, either the server part of a concrete effectuation example. In whichever instance, the server''s purpose is committed to the effectual implementation of methods (programs, procedures, scripts) for helping its affected applications. There has never been a Application Server Guide like this. It contains 131 answers, much more than you can imagine; comprehensive answers and extensive details and references, with insights that have never before been offered in print. Get the information you need--fast! This all-embracing guide offers a thorough view of key knowledge and detailed insight. This Guide introduces what you want to know about Application Server. A quick look inside of some of the subjects covered: Web application server - URL mapping, Web application server - Web services, WebSphere Application Server - Version 8.5, Comparison of application servers - Haskell, Application server Advantages of application servers, Oracle Application Server 10g, WebSphere Application Server - Version 6.0, Application server Other platforms, Oracle Application Server 10g - Components, Base4 Application Server - History, Application server - Advantages of application servers, Application server - Java application servers, Comparison of application servers - Ruby, Web application server - Ajax, WebSphere Application Server for z/OS - WAS z/OS Platform Exploitation, Comparison of application servers - Smalltalk, TNAPS Application Server - Hosting, WebLogic Application Server, Sun Java System Application Server - Releases, WebSphere Application Server - Version 7.0, WebLogic Application Server - Components, SAP NetWeaver Application Server - Authentication, and much more…');

INSERT INTO BOOK_AUTHORS(books_id,authors_id) values (997,1000);
INSERT INTO BOOK_AUTHORS(books_id,authors_id) values (998,1000);
INSERT INTO BOOK_AUTHORS(books_id,authors_id) values (1001,1001);
INSERT INTO BOOK_AUTHORS(books_id,authors_id) values (1002,1002);
INSERT INTO BOOK_AUTHORS(books_id,authors_id) values (1003,1003);
INSERT INTO BOOK_AUTHORS(books_id,authors_id) values (1004,1004);
INSERT INTO BOOK_AUTHORS(books_id,authors_id) values (1005,1000);
INSERT INTO BOOK_AUTHORS(books_id,authors_id) values (1006,1003);
INSERT INTO BOOK_AUTHORS(books_id,authors_id) values (1007,1005);
INSERT INTO BOOK_AUTHORS(books_id,authors_id) values (1008,1000);
INSERT INTO BOOK_AUTHORS(books_id,authors_id) values (1009,1006);
INSERT INTO BOOK_AUTHORS(books_id,authors_id) values (1010,1007);
INSERT INTO BOOK_AUTHORS(books_id,authors_id) values (1011,1008);
